{"cameraMode":{"drawMode":0,"name":"Shaded","section":"Shading Mode"},"sceneLighting":false,"audioPlay":false,"sceneViewState":{"showFog":true,"showMaterialUpdate":false,"showSkybox":false,"showFlares":true,"showImageEffects":true,"showParticleSystems":true},"in2DMode":false,"pivot":{"x":0.4208335876464844,"y":5.28936767578125,"z":-0.00000762939453125},"rotation":{"x":-0.10340522974729538,"y":0.7571945786476135,"z":-0.12379962205886841,"w":-0.633063554763794},"size":736.9810791015625,"orthographic":false}