{"cameraMode":{"drawMode":0,"name":"Shaded","section":"Shading Mode"},"sceneLighting":false,"audioPlay":false,"sceneViewState":{"showFog":true,"showMaterialUpdate":false,"showSkybox":false,"showFlares":true,"showImageEffects":true,"showParticleSystems":true},"in2DMode":false,"pivot":{"x":-0.9938095211982727,"y":-0.34979820251464846,"z":0.0922238826751709},"rotation":{"x":0.26256754994392397,"y":-0.4137461483478546,"z":0.12601496279239655,"w":0.8626368641853333},"size":2.402859926223755,"orthographic":false}