{"cameraMode":{"drawMode":0,"name":"Shaded","section":"Shading Mode"},"sceneLighting":false,"audioPlay":false,"sceneViewState":{"showFog":true,"showMaterialUpdate":false,"showSkybox":false,"showFlares":true,"showImageEffects":true,"showParticleSystems":true},"in2DMode":false,"pivot":{"x":-0.0003036186099052429,"y":0.19314533472061158,"z":0.0007960684597492218},"rotation":{"x":-0.24528150260448457,"y":-0.0008752201683819294,"z":0.00022137770429253578,"w":-0.9694539308547974},"size":0.7426934242248535,"orthographic":false}