{"cameraMode":{"drawMode":0,"name":"Shaded","section":"Shading Mode"},"sceneLighting":false,"audioPlay":false,"sceneViewState":{"showFog":true,"showMaterialUpdate":false,"showSkybox":false,"showFlares":true,"showImageEffects":true,"showParticleSystems":true},"in2DMode":false,"pivot":{"x":-0.2118561714887619,"y":0.37326759099960329,"z":-0.8060000538825989},"rotation":{"x":0.23510809242725373,"y":0.3369380235671997,"z":-0.08732588589191437,"w":0.9075412154197693},"size":2.468132495880127,"orthographic":false}