{"cameraMode":{"drawMode":0,"name":"Shaded","section":"Shading Mode"},"sceneLighting":false,"audioPlay":false,"sceneViewState":{"showFog":true,"showMaterialUpdate":false,"showSkybox":false,"showFlares":true,"showImageEffects":true,"showParticleSystems":true},"in2DMode":false,"pivot":{"x":0.027111433446407319,"y":0.0027036420069634916,"z":1.4901161193847657e-8},"rotation":{"x":-0.26269596815109255,"y":0.45998451113700869,"z":-0.14452259242534638,"w":-0.8358145356178284},"size":2.526242971420288,"orthographic":false}