{"cameraMode":{"drawMode":0,"name":"Shaded","section":"Shading Mode"},"sceneLighting":false,"audioPlay":false,"sceneViewState":{"showFog":true,"showMaterialUpdate":false,"showSkybox":false,"showFlares":true,"showImageEffects":true,"showParticleSystems":true},"in2DMode":false,"pivot":{"x":-2.1760001182556154,"y":0.12373791635036469,"z":-0.2220323085784912},"rotation":{"x":-0.40093207359313967,"y":-0.036566443741321567,"z":0.015961334109306337,"w":-0.9154167175292969},"size":1.8870171308517457,"orthographic":false}