{"cameraMode":{"drawMode":0,"name":"Shaded","section":"Shading Mode"},"sceneLighting":false,"audioPlay":false,"sceneViewState":{"showFog":true,"showMaterialUpdate":false,"showSkybox":false,"showFlares":true,"showImageEffects":true,"showParticleSystems":true},"in2DMode":false,"pivot":{"x":-0.030156955122947694,"y":0.3200511932373047,"z":-6.265626430511475},"rotation":{"x":0.24428708851337434,"y":0.30006980895996096,"z":-0.07957848906517029,"w":0.918774425983429},"size":3.0426506996154787,"orthographic":false}