{"cameraMode":{"drawMode":0,"name":"Shaded","section":"Shading Mode"},"sceneLighting":false,"audioPlay":false,"sceneViewState":{"showFog":true,"showMaterialUpdate":false,"showSkybox":false,"showFlares":true,"showImageEffects":true,"showParticleSystems":true},"in2DMode":false,"pivot":{"x":-0.0011759400367736817,"y":2.139871835708618,"z":-5.030078411102295},"rotation":{"x":0.24428708851337434,"y":0.30006980895996096,"z":-0.07957848906517029,"w":0.918774425983429},"size":8.97918701171875,"orthographic":false}